tool,category,feature_name,availability,ai_enabled,verified_as_of,note
Rillet,ERP,Real-Time Ledger,native,false,2026-08-19,
Campfire,ERP,Real-Time Ledger,native,false,2026-08-19,
Rillet,ERP,Role Based Access Control (RBAC),native,false,2026-08-19,
Campfire,ERP,Role Based Access Control (RBAC),native,false,2026-08-19,
NetSuite (acquired by Oracle),ERP,Role Based Access Control (RBAC),native,false,2026-08-19,
NetSuite (acquired by Oracle),ERP,Individual Access Management,native,false,2026-08-19,
Rillet,ERP,Rules Based Guardrails,native,false,2026-08-19,
Campfire,ERP,Rules Based Guardrails,native,false,2026-08-19,
Rillet,ERP,Turnkey Approval Workflows,native,false,2026-08-19,
Campfire,ERP,Turnkey Approval Workflows,native,false,2026-08-19,
NetSuite (acquired by Oracle),ERP,Custom Scripting for Workflow Management,native,false,2026-08-19,
Rillet,ERP,Conditional Routing,native,false,2026-08-19,
Campfire,ERP,Conditional Routing,native,false,2026-08-19,
NetSuite (acquired by Oracle),ERP,Conditional Routing,native,false,2026-08-19,
Rillet,ERP,Anomaly Detection,native,true,2026-08-19,
Campfire,ERP,Anomaly Detection,native,true,2026-08-19,
NetSuite (acquired by Oracle),ERP,Anomaly Detection,native,true,2026-08-19,
Rillet,ERP,Custom Transaction Tags & Dimensions,native,false,2026-08-19,
Campfire,ERP,Custom Transaction Tags & Dimensions,native,false,2026-08-19,
Rillet,ERP,Close Management & Checklist Automation,native,true,2026-08-19,
Campfire,ERP,Close Management & Checklist Automation,native,true,2026-08-19,
NetSuite (acquired by Oracle),ERP,Close Management & Checklist Automation,native,true,2026-08-19,
Rillet,ERP,Natural Language Ledger Queries & Conversational Insights,native,true,2026-08-19,
Campfire,ERP,Natural Language Ledger Queries & Conversational Insights,native,true,2026-08-19,
NetSuite (acquired by Oracle),ERP,Natural Language Ledger Queries & Conversational Insights,native,true,2026-08-19,
Rillet,ERP,Automated Flux Analysis & Summaries,native,true,2026-08-19,
Campfire,ERP,Automated Flux Analysis & Summaries,native,true,2026-08-19,
NetSuite (acquired by Oracle),ERP,Automated Flux Analysis & Summaries,native,false,2026-08-19,
Rillet,ERP,Missing Accrual Detection,native,true,2026-08-19,
Campfire,ERP,Missing Accrual Detection,native,true,2026-08-19,
NetSuite (acquired by Oracle),ERP,Predictive Enterprise Analytics,add_on,true,2026-08-19,
Rillet,ERP,ASC 606 Revenue Recognition,native,false,2026-08-19,
Campfire,ERP,ASC 606 Revenue Recognition,native,false,2026-08-19,
NetSuite (acquired by Oracle),ERP,ASC 606 Revenue Recognition,add_on,false,2026-08-19,
Rillet,ERP,Native KPI Reporting,native,false,2026-08-19,
Campfire,ERP,Native KPI Reporting,native,false,2026-08-19,
Rillet,ERP,Multi-Entity Consolidation,native,false,2026-08-19,
Campfire,ERP,Multi-Entity Consolidation,native,false,2026-08-19,
NetSuite (acquired by Oracle),ERP,Multi-Entity Consolidation,native,false,2026-08-19,
Rillet,ERP,Multi-Currency Support,native,false,2026-08-19,
Campfire,ERP,Multi-Currency Support,native,false,2026-08-19,
NetSuite (acquired by Oracle),ERP,Multi-Currency Support,native,false,2026-08-19,
Rillet,ERP,Multi-Book Accounting,native,false,2026-08-19,Verified via Rillet API changelog (multi-book API support)
Campfire,ERP,Multi-Book Accounting,native,false,2026-08-19,UNVERIFIED — could not confirm on primary sources; keep pending
NetSuite (acquired by Oracle),ERP,Multi-Book Accounting,native,false,2026-08-19,
NetSuite (acquired by Oracle),ERP,Native Tax Engine,add_on,false,2026-08-19,
NetSuite (acquired by Oracle),ERP,Native Supply Chain & Manufacturing Modules,add_on,false,2026-08-19,
NetSuite (acquired by Oracle),ERP,Inventory Management & Warehouse Tracking,add_on,false,2026-08-19,
NetSuite (acquired by Oracle),ERP,Professional Services & Time Tracking,add_on,false,2026-08-19,
Aleph,FP&A,Spreadsheet-Native,native,false,2026-08-19,
Runway,FP&A,Platform-Based Model,native,false,2026-08-19,
Abacum,FP&A,Platform-Based Model,native,false,2026-08-19,
Aleph,FP&A,Bi-directional Database Sync,native,false,2026-08-19,
Runway,FP&A,Multi-Entity Consolidation,native,false,2026-08-19,
Abacum,FP&A,Multi-Entity Consolidation,native,false,2026-08-19,
Aleph,FP&A,Multi-Entity Consolidation,native,false,2026-08-19,
Runway,FP&A,Multi-Currency Support,native,false,2026-08-19,
Abacum,FP&A,Multi-Currency Support,native,false,2026-08-19,
Aleph,FP&A,Multi-Currency Support,native,false,2026-08-19,
Runway,FP&A,Visual Sandbox Modeling,native,false,2026-08-19,
Runway,FP&A,Unlimited Dimensionality,native,false,2026-08-19,
Abacum,FP&A,Unlimited Dimensionality,native,false,2026-08-19,
Aleph,FP&A,Unlimited Dimensionality,native,false,2026-08-19,
Runway,FP&A,Real-Time Scenario Comparisons,native,false,2026-08-19,
Runway,FP&A,Driver-Based Forecast Templates,native,false,2026-08-19,
Abacum,FP&A,Driver-Based Forecast Templates,native,false,2026-08-19,
Aleph,FP&A,Driver-Based Forecast Templates,native,false,2026-08-19,
Runway,FP&A,Automated BVA (Budget vs. Actuals),native,false,2026-08-19,
Abacum,FP&A,Automated BVA (Budget vs. Actuals),native,false,2026-08-19,
Aleph,FP&A,Automated BVA (Budget vs. Actuals),native,false,2026-08-19,
Runway,FP&A,Automated Flux Analysis & Summaries,native,true,2026-08-19,
Abacum,FP&A,Automated Flux Analysis & Summaries,native,true,2026-08-19,
Aleph,FP&A,Automated Flux Analysis & Summaries,native,true,2026-08-19,
Runway,FP&A,Text to Report Creation,native,true,2026-08-19,
Abacum,FP&A,Text to Report Creation,native,true,2026-08-19,
Runway,FP&A,Automated Missing Data Flags,native,false,2026-08-19,
Abacum,FP&A,Automated Missing Data Flags,native,false,2026-08-19,
Runway,FP&A,Granular Permissioning,native,false,2026-08-19,
Abacum,FP&A,Granular Permissioning,native,false,2026-08-19,
Aleph,FP&A,Granular Permissioning,native,false,2026-08-19,
Abacum,FP&A,Departmental Budget Submission Forms,native,false,2026-08-19,
Runway,FP&A,Audit Trails & Log Tracking,native,false,2026-08-19,
Abacum,FP&A,Audit Trails & Log Tracking,native,false,2026-08-19,
Aleph,FP&A,Audit Trails & Log Tracking,native,false,2026-08-19,
Abacum,FP&A,Task Assignment & Approval Workflows,native,false,2026-08-19,
Abacum,FP&A,Slack / Email Collaboration Triggers,native,false,2026-08-19,
Runway,FP&A,Role-based Guest Views,native,false,2026-08-19,
Abacum,FP&A,Role-based Guest Views,native,false,2026-08-19,
FloQast,Close Management,"Dynamic, Multi-Entity Close Checklists",native,false,2026-08-19,
Numeric,Close Management,"Dynamic, Multi-Entity Close Checklists",native,false,2026-08-19,
Ledge,Close Management,"Dynamic, Multi-Entity Close Checklists",native,false,2026-08-19,
FloQast,Close Management,Task Dependency & Blocker Mapping,native,false,2026-08-19,
Numeric,Close Management,Task Dependency & Blocker Mapping,native,false,2026-08-19,
Ledge,Close Management,Task Dependency & Blocker Mapping,native,false,2026-08-19,
FloQast,Close Management,Real-time Spreadsheet Sync,native,false,2026-08-19,
FloQast,Close Management,Post-Close Folder Lockdown,native,false,2026-08-19,
FloQast,Close Management,Slack / Email Collaboration Triggers,native,false,2026-08-19,
Numeric,Close Management,Slack / Email Collaboration Triggers,native,false,2026-08-19,
Ledge,Close Management,Slack / Email Collaboration Triggers,native,false,2026-08-19,
FloQast,Close Management,Reconciliation Auto-Matching,add_on,true,2026-08-19,AutoRec — separate paid add-on
Numeric,Close Management,Reconciliation Auto-Matching,native,false,2026-08-19,
Ledge,Close Management,Reconciliation Auto-Matching,native,false,2026-08-19,
Numeric,Close Management,Continuous Reconciliation Monitoring,add_on,false,2026-08-19,Enterprise-tier capability
Ledge,Close Management,Continuous Reconciliation Monitoring,native,false,2026-08-19,
FloQast,Close Management,Subledger to General Ledger Tie-outs,native,false,2026-08-19,
Numeric,Close Management,Subledger to General Ledger Tie-outs,native,false,2026-08-19,
Ledge,Close Management,Subledger to General Ledger Tie-outs,native,false,2026-08-19,
Ledge,Close Management,Multi-Source Billing Reconciliation,native,false,2026-08-19,
FloQast,Close Management,Automated Task Prep,native,true,2026-08-19,
Numeric,Close Management,Automated Task Prep,native,true,2026-08-19,
Ledge,Close Management,Automated Task Prep,native,true,2026-08-19,
Ledge,Close Management,Automated Working Paper Generation,native,false,2026-08-19,
FloQast,Close Management,Automated Flux Analysis & Summaries,native,false,2026-08-19,Identifies/flags variances; narrative commentary manual
Numeric,Close Management,Automated Flux Analysis & Summaries,native,true,2026-08-19,
Ledge,Close Management,Automated Flux Analysis & Summaries,native,true,2026-08-19,
Numeric,Close Management,Natural Language Report Builder,native,true,2026-08-19,
Ledge,Close Management,Ledger Pattern Detection,native,true,2026-08-19,
FloQast,Close Management,Automated Journal Entry Creation,native,false,2026-08-19,
Numeric,Close Management,Automated Journal Entry Creation,native,false,2026-08-19,
Ledge,Close Management,Automated Journal Entry Creation,native,false,2026-08-19,
FloQast,Close Management,Intercompany Journal Entry Posting and Rules,native,false,2026-08-19,
Ledge,Close Management,Intercompany Journal Entry Posting and Rules,native,false,2026-08-19,
FloQast,Close Management,Audit Trails & Log Tracking,native,false,2026-08-19,
Numeric,Close Management,Audit Trails & Log Tracking,native,false,2026-08-19,
Ledge,Close Management,Audit Trails & Log Tracking,native,false,2026-08-19,
Numeric,Close Management,Granular Transaction-Level ERP Mirroring,native,false,2026-08-19,
FloQast,Close Management,Anomaly Detection,native,true,2026-08-19,
Numeric,Close Management,Anomaly Detection,native,true,2026-08-19,
Ledge,Close Management,Anomaly Detection,native,true,2026-08-19,
