category,sort_order,feature_name,definition,pointer_note
ERP,10,Real-Time Ledger,,
ERP,20,Role Based Access Control (RBAC),,
ERP,30,Individual Access Management,,
ERP,40,Rules Based Guardrails,,
ERP,50,Turnkey Approval Workflows,,
ERP,60,Custom Scripting for Workflow Management,,
ERP,70,Conditional Routing,,
ERP,80,Anomaly Detection,Identifies unusual or erroneous items and patterns that don't look right — not necessarily a balance change.,
ERP,90,Custom Transaction Tags & Dimensions,,
ERP,100,Close Management & Checklist Automation,,Dedicated close-management tools exist — see the Close Management category (embedded vs. standalone).
ERP,110,Natural Language Ledger Queries & Conversational Insights,,
ERP,120,Automated Flux Analysis & Summaries,,
ERP,130,Missing Accrual Detection,,
ERP,140,Predictive Enterprise Analytics,,
ERP,150,ASC 606 Revenue Recognition,,
ERP,160,Native KPI Reporting,,
ERP,170,Multi-Entity Consolidation,,
ERP,180,Multi-Currency Support,,
ERP,190,Multi-Book Accounting,"Parallel GAAP, tax, and IFRS ledgers natively on the same underlying data.",
ERP,200,Native Tax Engine,,
ERP,210,Native Supply Chain & Manufacturing Modules,,
ERP,220,Inventory Management & Warehouse Tracking,,
ERP,230,Professional Services & Time Tracking,,
ERP,240,Native Procurement,,Embedded option — see the Procurement/Spend category to compare against standalone products.
FP&A,10,Spreadsheet-Native,,
FP&A,20,Platform-Based Model,,
FP&A,30,Bi-directional Database Sync,,
FP&A,40,Multi-Entity Consolidation,,
FP&A,50,Multi-Currency Support,,
FP&A,60,Visual Sandbox Modeling,,
FP&A,70,Unlimited Dimensionality,,
FP&A,80,Real-Time Scenario Comparisons,,
FP&A,90,Driver-Based Forecast Templates,,
FP&A,100,Automated BVA (Budget vs. Actuals),,
FP&A,110,Automated Flux Analysis & Summaries,,
FP&A,120,Text to Report Creation,,
FP&A,130,Automated Missing Data Flags,,
FP&A,140,Granular Permissioning,,
FP&A,150,Departmental Budget Submission Forms,,
FP&A,160,Audit Trails & Log Tracking,,
FP&A,170,Task Assignment & Approval Workflows,,
FP&A,180,Slack / Email Collaboration Triggers,,
FP&A,190,Role-based Guest Views,,
Close Management,10,"Dynamic, Multi-Entity Close Checklists",,
Close Management,20,Task Dependency & Blocker Mapping,,
Close Management,30,Real-time Spreadsheet Sync,,
Close Management,40,Post-Close Folder Lockdown,,
Close Management,50,Slack / Email Collaboration Triggers,,
Close Management,60,Reconciliation Auto-Matching,,
Close Management,70,Continuous Reconciliation Monitoring,"Continuous monitoring of account balances in the ledger/chart of accounts, with alerts when an account breaks.",
Close Management,80,Subledger to General Ledger Tie-outs,,
Close Management,90,Multi-Source Billing Reconciliation,,
Close Management,100,Automated Task Prep,,
Close Management,110,Automated Working Paper Generation,,
Close Management,120,Automated Flux Analysis & Summaries,,
Close Management,130,Natural Language Report Builder,,
Close Management,140,Ledger Pattern Detection,,
Close Management,150,Automated Journal Entry Creation,,
Close Management,160,Intercompany Journal Entry Posting and Rules,,
Close Management,170,Audit Trails & Log Tracking,,
Close Management,180,Granular Transaction-Level ERP Mirroring,,
Close Management,190,Anomaly Detection,Identifies unusual or erroneous items and patterns that don't look right — not necessarily a balance change.,
