source,category,tool,proposed_feature,proposal_type,articulation_and_source
scan,ERP,Rillet,Automated Billing & Invoicing,new_feature+link,"Contract-driven invoicing from CRM sync, dunning/reminders, AR aging, usage-based billing via API/CSV. Native, AI=false. Source: rillet.com product pages (tier 3), verified 2026-08-19."
scan,ERP,Rillet,Bank Reconciliation Auto-Matching,new_feature+link,"ML matches 95%+ of bank transactions to invoices/bills in seconds. Native, AI=true. Source: rillet.com + thecfoplatform.com."
scan,ERP,Campfire,Always-On Background AI Agents,new_feature+link,"Agents monitor 24/7 unprompted: transaction matching, AP/AR monitoring, anomaly flagging. Native, AI=true. Source: campfire.ai/ember."
scan,ERP,Campfire,Policy-Aware AI,new_feature+link,"Upload house accounting policies; AI follows them (audits fixed assets vs. your technical memo). Native, AI=true. Source: erpresearch.com + benchmarkit.ai demo."
scan,ERP,Campfire,High-Volume Transaction Categorization,new_feature+link,"Millions of transactions/month auto-categorized, learned; complex sources (AWS bills). Native, AI=true. Source: campfire.ai."
scan,ERP,NetSuite (acquired by Oracle),AI Bill Capture,new_feature+link,"AI document recognition for AP — vendor invoices ingested, no manual entry. Native, AI=true. Source: thenetsuitepro.com."
scan,FP&A,Runway,Model-Aware Term Explanations,new_feature+link,"Hover any metric for a definition computed from YOUR model (Gross Margin, Burn). Native, AI=true. Source: runway launch PR + welcome.ai."
scan,FP&A,(all three),Headcount & Workforce Planning,new_feature+3 links,"Core use case missed by original pass — all three vendors. Abacum deepest (requisitions, hire approvals, HRIS payroll sync). Native, AI=false. Sources: vendor sites. NOTE per §5 rule: a Headcount Planning category exists in the Toolbox — if approved, this feature carries a pointer note: 'Dedicated headcount-planning tools exist — see the Headcount Planning category (embedded vs. standalone).'"
scan,FP&A,Abacum,AI Classification & Data Tagging,new_feature+link,"Abacum Intelligence: AI tags/classifies incoming data (the data-cleaner Brian praised firsthand). Native, AI=true. Source: abacum.ai + cfoshortlist."
scan,FP&A,Abacum,AI Forecasting,new_feature+link,"ML auto-generates revenue/headcount/expense projections. Native, AI=true. Source: cfoshortlist vendor review."
scan,FP&A,Aleph,AI Data Cleaning & Account Mapping,new_feature+link,"AI handles cleaning + account mapping in the transformation layer. Native, AI=true. Source: getaleph.com."
scan,FP&A,Aleph,Agentic Spreadsheet Access (MCP),new_feature+link,"Aleph MCP exposes data layer to AI agents. Native, AI=true. Source: getaleph.com customer quotes."
scan,Close Management,FloQast,Compliance & SOX Controls Management,new_feature+link,"Full GRC: control monitoring/design/testing/remediation. Was in original Trio 3 grid, absent from frozen list — confirm cut or restore. Native, AI=false. Source: floqast.com."
scan,Close Management,Numeric,Technical Accounting AI Agent,new_feature+link,"Technical accounting research/memo agent, G2-confirmed. Native, AI=true. Source: G2 reviews."
scan,Close Management,Ledge,Cash Application,new_feature+link,"High-volume payment matching; named module. Native, AI=true. Source: ledge.co."
